,reference_summary,generated_summary
438,this service allows tracking via third party cookies for purposes including targeted advertising.,this service is only available to you for the purpose of tracking you and providing targeted third party tracking of your use of the services.this service does not track you and tracks you for specific purposes. this service can use tracking pixels web beacons browser fingerprinting and or device fingerprinting on users.
415,the service may keep a secure anonymized record of users data for analytical purposes even after the data retention period.,this service can delete your personal data from this service at any time without prior notice to the user. this service does not guarantee that your personal information will be used for research and analytical purposes even after the service has deleted your personal content from the service.
301,you are responsible for maintaining the security of your account and for the activities on your account.,if you have created a user account you are responsible for all content that you fill in when registering or when modifying your account. you acknowledge that you must be responsible for the contents and consequences following their aggregation and their being shared on your boards. you agree to put the required permissions rights licenses consent and or authorization allowing you to share other s content.
409,this service is only available to users of a certain age.,if you are aged 18 or under and would like to get involved in amnesty international s work please make sure that you have your parent guardian s permission before giving your personal information to the service and give them your consent before giving us personal information.
141,this service can share your personal information to third parties.,you agree to use your personal information in accordance with this privacy policy and agreeing to the terms of service for your use of personal information even though it may be transferred to the offices and servers of pure and the authorized third parties referred to herein located in the united states.
362,this service keeps a license on user generated content even after users close their accounts.,this service can continue using your content even after discontinuing your content for any reason even if you stop using the service for reasons not clear to the user.this service does not guarantee that your content will continue using the content even without discontinuing the service.
12,both you and we can terminate your account and access to services at any time for any reason.,this service reserves the right to terminate your account any time at their discretion without notice to you and without a reason. you can cancel your account at any time by accessing the pokémon go help center available at https://www.dropbox. com.
365,users agree not to submit libelous harassing or threatening content.,you agree not to transmit through the service any unlawful harassing libelous abusive threatening or harmful content of any kind or nature. you further agree to not transmit any material that encourages conduct that could constitute a criminal offense give rise to civil liability or otherwise violate any applicable local state or international law or regulation.
361,users agree not to use the service for illegal purposes.,you agree not to use the service for illegal purposes 3 not to interfere or disrupt networks connected to the service and 4 to comply with all regulations policies and procedures of the service. the service makes use of the internet to send and receive certain messages therefore your conduct is subject to internet regulations.
90,users cannot scrape the website of the service.,you must not use any automated script or other software to collect personal information or content from cybernet s sites in any way without prior notice to the user and without a reason to do so in case of a breach of the service s terms of service.
379,user suspension from the service will be fair and proportionate.,this service will stop providing the service even if you are using the service in a manner that is likely to cause harm to users or to the users of other services.this service does not guarantee that your use of the service is in a way that can cause harm.
54,google collect stats and analyses aggregated data.,this service does not track you and does not collect your personal data even if you grant consent. this service tracks you and allows you to use tracking pixels web beacons browser fingerprinting and or device fingerprinting on users and on users of other services.
283,the company takes no ownership for any content posted by you. however it grants other users the rights to view modify or share your created content.,this service does not claim ownership of your content even though you create content for them. the content you create is yours. however by sharing user content through the service you agree to allow others to view and or share your content in accordance with this agreement see user content license grants below.
239,invalidity of any portion of the terms of service does not entail invalidity of its remainder.,if any provision of these terms is held to be invalid or unenforceable such provision will be struck and will not affect the validity and enforceability of the remaining provisions of the terms of service even if the provision is invalid or non enforceable.
200,you should follow the community guidelines.,this service does not require you to adhere to the community guidelines or community guidelines in order to use the service for the purpose of providing services that meet or exceed expectations of the community in case of a breach of any provision of the terms of service.
21,you may use tldr for personal use or for internal business purposes. when you source information you must include any copyright notices and give credit i e. a linkback. content is licensed under creative commons attribution 3 0 cc by.,if you are a journalist or other legal entity you may use the sites only for your personal use. if you are permitted to use the content you must include any copyright notice originally included with the content in all copies of your content. you must also include the copyright notice of any content in any form media or technology now known.
122,the court of law governing the terms is in the state of california.,if you are not subject to the special arbitration provision for this service you must submit your claim to the court of law governing the terms of service. if you are subject to this provision you agree that you will resolve any claim you have with us relating to arising out of or in any way in connection with our terms us or our services.
1,by playing this game you agree to these terms. if you re under 13 and playing your parent guardian agrees on your behalf.,if you are the parent of a child under the age of 13 you are agreeing to these terms our trainer guidelines and our privacy policy do not allow you to use the service. even if your child is 13 years or older you are responsible for the terms of service.
10,give us feedback and we can do whatever we want with it.,this service is only available to users of a valid royalty free and transferable license to use your intellectual property for any purpose other than to create derivative works based upon and otherwise exploit the feedback for any reason. you can submit suggestions for improvements to the services.
213,the court of law governing the terms is in germany.,this service is subject to the laws of the federal republic of germany excluding the un convention on contracts for the international sale of goods cisg and excluding the principles of conflict of laws international private law and the terms of service international public law.
259,the service can delete your account without prior notice and without a reason.,this service can delete your content from this service any time at their discretion without prior notice to the user and without a reason for any reason such as if you violate the letter or spirit of the terms or create harm risk or possible legal exposure for your use of the service.
37,don t lie when you create your account. tell us immediately when your account has been compromised.,this service will not be liable for any losses caused by any unauthorized use of your account. you must provide accurate and complete information regarding your activities on your account and you must be responsible for maintaining the security of your accounts and for the activities that occur on your accounts.
175,the copyright license you grant to 500px is transferable and sublicensable. the copyright license is limited for use in connection with the services which includes promotional uses and redistribution to other parties web sites applications and other entities if you are credited properly. the license on your content terminates when you remove such content.,this license is only available for the period of the content being posted on the service. you grant to 500px a non exclusive or exclusive transferable fully paid worldwide license to use sublicense distribute and redistribute your content to other parties for promotional reasons and to publicly perform and publicly display such content in connection with the services.
346,the service will resist legal requests for user information where reasonably possible.,protonmail may from time to time contest court orders if there is a public interest in doing so. in such cases the service will not comply with the court order until all legal or other remedies have been exhausted. therefore not all court orders described in our transparency report will lead to data disclosure.
340,features of the website are made available under a free software license.,this service does not allow you to use third party software even if you leave your personal data on this service. this service does this on software we have developed participated in the development in as well as software that was developed by third parties. all that software is open source free software according to the definitions of the open source initiative osi.
102,users are free to choose the type of copyright license that they want to use over their content.,this service does not give you the right to use your content for all of their services even if you share your content with other users of other services. this service only gives you the license to use it for your content even if your content is only available to third parties.
385,defend indemnify hold harmless survives termination.,you agree to defend indemnify your content from any claims related to your use of the service and to defend yourself from any claim related to any of your content relating to any matter relating to the terms of service or service related to the content you submitted.
218,the court of law governing the terms is in california.,the court of law governing the terms of service applies to any disputes arising out of or relating to these terms or the services. you must agree to personal jurisdiction in case of a claim related to any of the terms or services. the laws of california u s a excluding the service will apply to any claims related to the terms.
159,terms may be changed any time at their discretion without notice to the user.,this service reserves the right to change its privacy policy from time to time at their discretion without prior notice to the user even though the service can change the terms of service any time they see fit even without notification to the users of the changes in the terms.
233,when the service wants to change its terms users are notified a month or more in advance.,this service reserves the right to change the terms of service any time at their discretion without notice to the user. if you disagree with the terms you can terminate the service at any time in accordance with this provision. if we make changes to these terms we will post the revised terms on the airbnb platform and update the last updated date at the top of these terms.
322,users agree not to submit illegal content.,you agree not to engage in activity that would constitute a criminal offense or give rise to a civil liability for any of the activities in which you engage in activities that could constitute a civil offense or be subject to a criminal liability of any kind.
118,conditions may change but your continued acceptance is not inferred from an earlier acceptance flow.,this service can delete your content from this service for any reason without prior notice and without a reason.this service will notify you when they have changed their terms of service for a period of at least 30 days after the service has updated its content for this service.
76,dropbox along with their third parties are allowed to access scan store and duplicate content that you put on the service.,this service does not give you the rights to your stuff even though you give us your permission to do stuff for you. this service only allows you to use your stuff for stuff that you provide us with access to. your stuff is yours. these terms don t give us any ownership of your stuff except for the limited rights that enable us to offer the services.
208,the court of law governing the terms is in santa clara county california.,you must agree to the personal jurisdiction by and venue in the state and federal courts in santa clara county california and waive any objection to such jurisdiction or venue in case of a claim related to your claim to the court of law.
441,this service allows tracking via third party cookies for purposes including targeted advertising.,this service can use tracking pixels web beacons browser fingerprinting and or device fingerprinting on users based on a user s prior visits to their website or other websites.this service does not track you and allows you to use your personal data for targeted third party services.
402,this service uses your personal information for many different purposes.,this service can use your personal information for any of their services even for the purposes for which it is provided to them and for which you are responsible for operating the service. they must be transparent about your use of your personal data for all of the services provided to you.
445,terms may be changed any time at their discretion without notice to the user.,this service may change its terms of service from time to time. you should check this page regularly to take notice of any changes. your continued use of the service following the posting of revised terms means that you accept and agree to the changes.
206,apple may change their terms of use at any time and it is your responsibility to keep up to date on these changes. by using the site you accept these terms.,this service reserves the right to change the terms of service any time at their discretion without notice to the user. this service can delete your content from this service at any time. it is your responsibility to check these terms of use periodically for changes. your continued use of the service following the posting of changes will mean that you accept and agree to the changes.
135,if you offer suggestions to the service they become the owner of the ideas that you give them.,if you give feedback you grant us the right to use the feedback without any restriction or any compensation to you for any of your use of the feedback you give us the choice of using your feedback without regard to the terms of service and without any provision for compensation.
347,your account can be suspended and your data deleted any time for any reason.,this service reserves the right to terminate your access to all or any part of the service at any time with or without cause without notice and without notice to the user.this service can terminate your service any time at their discretion without prior notice and with no reason.
274,the service may use tracking pixels web beacons browser fingerprinting and or device fingerprinting on users.,this service tracks you and tracks you when you use or use your services over the internet. this service does not track you but tracks you on other websites and allows you to track your use of your personal data when using or using your services. you are responsible for tracking you.
318,you are responsible for maintaining the security of your account and for the activities on your account.,you shall be responsible for protecting the security of your content and for maintaining the integrity of your account s content even without using pseudonyms. you are responsible for all use of your service regardless of whether you authorized such access or use and for ensuring that all of your use complies fully with the provisions of these terms of service.
96,no need to register.,you do not have to provide any personal data to be able to browse the contents of the databases published by metabrainz even if you provide personal information to the service for the purpose of accessing the content of the websites published in the terms of service.
407,users can access most of the pages on the service s website without revealing any personal information.,this service allows you to use your personal information for all of their services even without explicitly stating who you are or how much of your information you give them. the service tracks you and tracks you on how you use their services. you can access most of the pages on their websites without revealing any personal information.
419,facebook uses cookies.,this service does not track you even if you have a facebook account.this service only tracks you if you use facebook products including our website and apps or visit other websites and apps that use the products including the like button or other facebook technologies.
78,you re responsible to pay any bills you re not entitled to any refunds and if you re late on payments dropbox can suspend or reduce the storage on your account. they can also change their pricing but will email you if they do.,this service reserves the right to change the terms of service any time at their discretion without notice to the user. you must pay for your account on time even if you re a paid account. if you don t pay they will automatically bill you from the date you convert your account and on each periodic renewal until cancellation.
60,export restrictions apply.,you must comply with all international and international export laws and regulations. the sdk is subject to all domestic and international import and export laws as well as international ones. you must be a member of the international community to comply with these laws. these laws include restrictions on end users and end use.
392,you waive your right to a class action.,you must agree to the arbitration agreement and to the class action waiver described in section 7 to resolve any disputes with netflix except for matters that may be taken to small claims court or a third party to resolve disputes in case of a class action.
191,they can change the terms of service any time they see fit even without notification to the user. your use of the service supposedly constitutes acceptance of the changes in the terms.,disqus may in its sole discretion modify or update this privacy policy from time to time and so you should review this service periodically. when we change the privacy policy we will update the last modified date at the bottom of this page. your continued use of the service following the posting of any changes to this policy means you accept such changes.
113,the service may use tracking pixels web beacons browser fingerprinting and or device fingerprinting on users.,spotify does not track you and tracks you even if you are using a device that tracks you.spotify tracks you according to the terms of service and the types of devices you use to access or connect to the service.the service tracks you by device type and device attributes web beacons browser fingerprinting and fingerprinting.
238,if you reside in the united states of america the court of law is in san francisco california. if you reside in china any disputes must be submitted to the china international economic and trade arbitration commission cietac and proceedings shall be held in english which is incredibly unfair to chinese natives. if your country of residence is outside of the united states and china irish law applies and you agree to submit to the jurisdiction of the irish courts.,if your country of residence is outside of the united states you must submit to the court of law of the jurisdiction in which you are a resident. if you are acting as a consumer we may not be able to enforce any of your rights even in case of a dispute related to this service.
170,this service does not track you.,this service does not track you in any way shape or form. you can delete your content from this service any time at your discretion without prior notice to the user even though you explicitly state this is not intended to be used for anything other than business purposes.
6,trading s gonna be a thing. don t try to bring real money into it.,this service is only available to account holders of a certain age or age. you must be at least 18 years or older to be able to use any of these items even though you are only limited to pokémon characters or creatures trading items at no additional charge.
71,you can t use facebook plugins on your own pages if stuff on those pages violates these terms.,this service gives you permission to use and allow others to use your content on your website even if your content is not available on other websites.this service does not give you the right to use any of your content even if you use facebook s social plugins.
250,you are responsible for maintaining the security of your account and for the activities on your account.,you must be responsible for maintaining the security of your account and for all activities on your account even if you create an account on the website you must be fully responsible for the activities that occur under the account and any other actions taken in connection with the account.
373,discogs is not liable for any damages to the users computer systems that occur as a result of downloading material from discogs.,this service assumes no liability for any material downloaded or otherwise obtained through the service is done at your own discretion and risk and that you will be solely responsible for any damage to your computer system or loss of data or other liability that results from the download of any such material.
15,as much as the law permits it s not our fault if people lose money or data. if it is our fault we can t owe you more than 1000.,this service will not be liable for any losses or damages resulting from your use of the services or from any of your interactions with other users of the service even if you are not using the services at the time of your use. if you break any of the provisions of the terms of service they will be liable.
405,the service provides information about how they collect personal data.,this service tracks you when you register for any of their services and when you are an international member of the service. you can use your personal information for all of these services even when you make a donation to the service or when you sign up for other online campaigns.
278,third parties used by the service are bound by confidentiality obligations.,this service will not allow you to access your personal information without prior notice and without an agreement with the service provider to restrict how they are able to process your content and how they can access your content without a prior agreement with your service provider.
329,this services gives no guarantee regarding quality.,this service does not guarantee that your content will be retained for any period of time even without limitation the maximum amount of time that you can use the service and the maximum storage space that will be allotted on y combinator s servers on your behalf. you agree to this service s terms of service.
142,by agreeing to instagram s terms you agree that you can only bring any claim against them on your own behalf. you waive your right to being part of a class action or participating in claims brought in any representative capacity.,you waive your right to a class action and you can opt out of any of the class action claims in case of a claim related to your claim. you must be a member of a class to participate in any class action. you can request access to the service for more information regarding your claims.
107,users are responsible for any risks damages or losses they may incur by downloading materials.,this service will be responsible for any damage to your computer system and for any of your content that may result from use of any of the services that may be available on your computer or for any content received via the service.this service assumes no liability for any losses or damages resulting from any service.
56,get explicit consent if you want to use any user s data.,if you use any service to retrieve user data from google you acknowledge and agree that you shall do so only with the user s explicit consent and only when and for the limited purposes for which the user has given you explicit consent to do so.
249,the court of law governing the terms is in california.,this service will be governed by the laws of the state of california u s a without regard to its conflict of laws provisions. the court of law governing the terms of service is in san francisco county and state courts of law in all of the states of the country.
263,users have a 6 month time period to take legal action against the service.,this service reserves the right to bring a claim against you even after six months from the underlying cause of action and even after a year or more in case of a claim related to your use of the service for personal gain or loss of trust in the service.
375,this service assumes no liability for any losses or damages resulting from any matter relating to the service.,discogs will not be liable for any direct indirect incidental consequential or exemplary damages resulting from any of your use of the service or for any of the services provided on the terms of service even if the service has been advised of the possibility of such losses resulting from the use or the inability to use the service.
386,this service ignores the do not track dnt header and tracks users anyway even if they set this header.,this service does not track your content even though your browser tracks you. at this time we do not track you even if your content tracks you even though you are using browser fingerprinting and/or device fingerprinting on your device and web beacons on other devices.
245,ip addresses of website visitors are not tracked.,this service does not track you even though you log in and leave your content on this service for a year or more. this service is only available to users of a certain age or age. it doesn t track you or track you. you don t have to log in to this service.
164,the cookies used by this service do not contain information that would personally identify you.,this service can use tracking pixels web beacons browser fingerprinting and or device fingerprinting on your computer. you can refuse the service and delete the content from your computer at any time by using any one of a number of widely available methods.
325,softpedia uses third party targeted advertising.,this service does not allow you to use third party third party services for your content even though you use the service for your personal data and for targeted targeted third party targeted targeted targeted advertising that is not targeted at you personally or through third party websites.
332,you maintain ownership of your data.,the court of law governing the content of your content is in the user content of the content you share with other users or recipients of content you publish through the service.you must be 100% responsible for all content you submit to the service and for all your content.
289,the service can delete your account without prior notice and without a reason.,this service can delete your content from this service any time at their discretion without prior notice and without a reason. for violations of this agreement or for any other reason they can stop providing this service at any time. for any reason they may also suspend your access to reddit.
240,failure to enforce any provision of the terms of service does not constitute a waiver of such provision.,if you fail to enforce any provision of the terms of service it will not be a waiver of any provision or provision of any of the provisions in the terms. even if you break the provision of a provision of your provision of provision it will be without prejudice to any of its other remedies.
59,don t blame google.,you agree to defend indemnify google from any and all claims related to your use of the sdk b any application that infringes any intellectual property rights of any person or defames any person and any non compliance by you of the license agreement.
350,to use discogs users must be of the minimum age of consent which varies by jurisdiction. in the case of the united states users must be at least 13 years old to sign up for an account and 18 years old to buy and sell items on discogs.,if you are under the minimum age of consent to enter into a contract in your jurisdiction then you may not use or access the services at any time or in any manner. for example in the united states you must be at least 13 years of age to establish an account and use the service and you must have been at least 18 years old to purchase and sell items through the service.
252,any liability on behalf of the service is only limited to the fees you paid as a user.,this service does not collect fees for any of their services even if you claim a claim related to your use of the service prior to the time when the claim was made. this service charges no fees for the service even if the claim is related to you.
431,users should revisit the terms periodically although in case of material changes the service will notify.,this service can change the terms of service any time they see fit even without notice to the user. they can provide you notice of any material changes and may provide notice of nonmaterial changes. if you use your service after the change takes effect then you are accepting the change.
65,don t allow users to fake scores. no multiplayer invites.,you shall not allow your service to submit any false gameplay information such as invalid scores for a user in a leaderboard or an achievement that a user did not earn to google. you shall not grant an invite to a multiplayer game including automatching requests or to take a turn without an explicit action or request from a user.
134,they can change the terms of service any time they see fit even without notification to the user. your use of the service supposedly constitutes acceptance of the changes in the terms.,this service can change the terms of service any time at their discretion without notice to the user. from time to time we may update this service to reflect changes in the content of the service. when making changes to this service they will add a new date at the top of this privacy statement.
331,this service allows tracking via third party cookies for purposes including targeted advertising.,this service uses your personal data to employ third party third parties for targeted targeted third party targeted targeted targeted advertising. this service does not track you but tracks you through third party cookies. for more information on this service use google cookies are available for free.
124,users are free to choose the type of copyright license that they want to use over their content.,you are in full control of your own copyright even if your work is published using creative commons licences. these licences mean that you can choose how your content is used by other people. we recommend creative commons attribution licences by which allows others to copy distribute and perform your copyrighted work but ensures that they must give you full credit.
153,pseudonym not allowed user to user trust is relevant for service.,this service does not allow you to use pseudonyms or pseudonyms. you must provide accurate and accurate information about your qualifications work experience or achievements. it is essential for the credibility of the world of science and for the reputation of the service that all your personal information is accurate and complete.
144,no refund policy.,this service does not guarantee that your payments are nonrefundable even if they are paid for through third party services or through third parties. your use of this service supposedly constitutes acceptance of the terms of service and not a denial of service.
330,this service tracks you on other websites.,this service can use tracking pixels web beacons browser fingerprinting and or device fingerprinting on users and tracks them on other websites.this service does not track you and tracks you for specific purposes. this service can track you for any reason even without tracking you.
384,you waive your right to a class action.,you agree not to bring any class action or class action related to these terms of service even if you are a member of a class. you must be able to bring a class action even if your claim is not in a class collective or representative action private attorney general action.
264,terms may be changed any time at their discretion without notice to the user.,this service may update the terms of service from time to time. when we update our terms we will update the last modified date associated with the updated terms. your continued use of our services confirms your acceptance of our updated terms and supersedes any prior terms.
194,you waive your right to a class action.,if you are in the european union this section does not apply to you. most user concerns can be resolved by use of our steam support site at https://steam.steampowered. com. if valve is unable to resolve your concerns and a dispute remains between you and valve this section explains how the parties have agreed to resolve it.
155,tracking pixels used in service to user communication.,this service allows you to use tracking pixels web beacons browser fingerprinting and or device fingerprinting on your content. this service does not track you but tracks you on other websites. they also track you through other websites to use your personal data to track you.
221,google may collect your device fingerprint.,this service is only available to users of a certain device type and device type of service. this service does not track you even if you are a user of one or more of the services you use for personal information including device identifiers and user fingerprinting.
49,keep copyright and trademark notices intact.,you can delete your content from this service without prior notice to the user and without regard to the content of the content in the content that is in the terms of service that is not in accordance with the terms and without reference to any specific content of service.
